epoch,train_epoch_loss
0,1.5513310762278385
1,0.840288376767107
2,0.7322358689543574
3,0.6773768947058786
